,kf_1,kf_2,kf_3,kf_4,kf_5,mean_auc,std_auc
0,0.97019,0.97514,0.97213,0.96923,0.96742,0.96801,0.00264
