,kf_1,kf_2,kf_3,kf_4,kf_5,mean_auc,std_auc
0,0.77912,0.79018,0.78042,0.78014,0.76227,0.77843,0.00902
